<?xml version="1.0" encoding="UTF-8"?>
<!DOCTYPE mapper
    PUBLIC "-//mybatis.org//DTD Mapper 3.0//EN"
    "http://mybatis.org/dtd/mybatis-3-mapper.dtd">
<mapper namespace="com.mybatis.boot.mapper.GroupMapper">

	<insert id="add" parameterType="Group">
		insert into
		m_group(name)
		values(#{name})
	</insert>

	<delete id="delete" parameterType="int">
		delete from m_user where
		id=#{id}
	</delete>

	<update id="update" parameterType="Group">
		update m_group set
		name=#{name} where id=#{id}
	</update>

	<select id="list" resultMap="result_group">
		select * from m_group
	</select>

	<select id="load" parameterType="int" resultMap="result_group">
		select * from m_group where id=#{id}
	</select>

	<resultMap type="Group" id="result_group">
		<id column="id" property="id" />
	</resultMap>

</mapper>