<?xml version="1.0" encoding="UTF-8"?>
<!DOCTYPE mapper
    PUBLIC "-//mybatis.org//DTD Mapper 3.0//EN"
    "http://mybatis.org/dtd/mybatis-3-mapper.dtd">
<mapper namespace="com.mybatis.boot.mapper.UserMapper">

	<insert id="add" parameterType="User">
		insert into
		m_user(username,password,nickname)
		values(#{username},#{password},#{nickname})
	</insert>

	<delete id="delete" parameterType="int">
		delete from m_user where
		id=#{id}
	</delete>

	<update id="update" parameterType="User">
		update m_user set
		password=#{password},nickname=#{nickname},user_type=${userType},user_status=${userStatus}
		where id=#{id}
	</update>

	<select id="list" resultMap="result_user">
		select * from m_user
	</select>

	<select id="load" parameterType="int" resultMap="result_user">
		select *,u.id as 'u_id' ,m.id as 'm_id',u.create_date as 'u_create_date',m.create_date as 'm_create_date' from m_user u left join m_message m on(m.user_id=u.id) where u.id=#{id}
	</select>
	
	<select id="getUserName" parameterType="int" resultType="String">
		select user.username from m_user user where user.id=#{id}
	</select>

	<resultMap type="User" id="result_user">
		<id column="id" property="id" />
	</resultMap>

</mapper>